hours_studied,attendance_pct,previous_score,passed
3.7,43,41,0
9.5,72,48,1
7.3,72,42,1
6.0,78,36,1
1.6,84,38,0
1.6,99,60,1
0.6,71,43,0
8.7,59,54,1
6.0,88,63,1
7.1,56,75,1
0.2,66,33,0
9.7,45,82,1
8.3,42,71,1
2.1,98,35,0
1.8,90,87,0
1.8,82,90,0
3.0,65,34,0
5.2,50,48,1
4.3,49,82,1
2.9,55,79,0
6.1,73,42,1
1.4,83,44,0
2.9,80,54,1
3.7,57,61,0
4.6,97,70,1
7.9,84,54,1
2.0,73,60,0
5.1,77,79,1
5.9,65,32,0
0.5,55,46,0
6.1,61,76,1
1.7,85,88,1
0.7,41,63,1
9.5,47,65,1
9.7,43,37,1
8.1,42,59,1
3.0,91,65,0
1.0,82,46,0
6.8,68,48,1
4.4,46,55,0
1.2,69,31,0
5.0,68,51,0
0.3,50,44,0
9.1,66,51,1
2.6,64,38,0
6.6,77,88,1
3.1,78,69,0
5.2,43,74,1
5.5,62,81,0
1.8,78,62,0
9.7,70,36,1
7.8,91,65,1
9.4,80,68,1
8.9,50,78,0
6.0,44,58,0
9.2,79,38,1
0.9,42,48,0
2.0,75,54,0
0.5,96,72,0
3.3,75,67,1
3.9,63,53,0
2.7,79,94,0
8.3,67,69,1
3.6,73,45,0
2.8,96,37,0
5.4,63,40,0
1.4,98,46,0
8.0,94,40,1
0.7,52,42,0
9.9,44,49,1
7.7,46,41,1
2.0,41,88,1
0.1,46,35,0
8.2,81,64,1
7.1,44,57,0
7.3,59,94,1
7.7,91,37,1
0.7,41,56,0
3.6,89,93,1
1.2,57,86,0
8.6,47,83,1
6.2,82,47,0
3.3,78,41,0
0.6,93,73,0
3.1,84,90,0
3.3,88,66,1
7.3,57,67,1
6.4,51,48,0
8.9,85,80,1
4.7,88,42,1
1.2,99,51,1
7.1,65,58,1
7.6,62,63,1
5.6,87,46,1
7.7,60,37,1
4.9,96,70,1
5.2,92,49,0
4.3,66,68,0
0.3,85,40,0
1.1,85,61,0
0.3,46,65,0
6.4,94,33,1
3.1,70,52,1
5.1,90,39,0
9.1,59,34,0
2.5,94,94,1
4.1,63,51,0
7.6,41,83,0
2.3,94,47,0
0.8,45,74,0
2.9,59,79,0
1.6,97,69,1
9.3,97,61,1
8.1,74,57,1
6.3,78,53,0
8.7,67,90,1
8.0,58,84,1
1.9,60,93,0
8.9,80,38,0
5.4,85,78,1
8.1,87,91,1
9.0,87,42,1
3.2,45,34,0
1.1,70,78,1
2.3,43,67,1
4.3,73,85,1
8.2,66,39,0
8.6,93,82,1
0.1,61,43,0
5.1,47,41,0
4.2,49,41,0
2.2,86,83,1
1.2,77,73,0
3.4,46,64,0
9.4,45,53,1
3.2,82,87,0
5.2,44,56,0
7.0,89,83,1
3.6,82,59,0
9.7,45,55,1
9.6,45,60,1
2.5,99,50,1
5.0,62,79,1
3.0,62,63,0
2.8,89,45,1
0.4,97,88,1
6.1,99,55,1
5.0,85,65,1
0.5,63,89,0
2.8,45,71,0
9.1,87,38,1
2.4,74,91,0
1.4,65,71,1
4.9,94,52,0
9.9,47,39,0
2.4,70,82,0
6.7,41,70,1
7.6,68,65,1
2.4,43,88,0
7.3,47,81,1
3.7,47,40,0
6.3,79,50,0
6.3,85,46,0
5.4,75,78,1
0.9,98,32,0
8.4,62,67,1
3.2,57,80,0
1.9,92,87,1
0.4,53,52,0
5.9,98,83,1
6.8,41,37,0
0.2,98,85,0
5.1,43,38,0
2.3,93,56,0
6.5,72,82,0
1.7,100,40,0
6.9,44,45,0
3.9,73,77,0
9.4,98,77,1
1.4,71,72,1
3.4,78,75,1
1.1,82,65,0
9.2,67,46,1
8.8,78,52,1
2.6,75,42,1
6.6,94,89,1
8.2,43,68,1
5.6,57,56,0
5.3,97,60,0
2.4,93,92,1
0.9,67,40,0
9.0,77,68,1
9.0,57,63,1
6.3,51,70,1
3.4,68,31,0
3.5,61,87,0
7.3,75,91,1
9.0,45,67,1
8.9,98,75,1
7.8,99,90,1
6.4,82,76,1
0.8,72,40,1
1.6,59,67,0
9.0,89,69,1
6.1,81,58,0
0.1,50,78,0
1.0,95,91,0
6.6,89,90,1
0.1,97,59,0
1.6,84,37,0
5.5,77,94,1
6.9,65,85,1
6.5,96,38,1
2.2,92,90,1
7.1,43,87,1
2.4,42,64,0
3.3,63,68,0
7.5,89,56,1
6.5,99,34,1
8.5,49,52,1
6.6,76,82,0
5.7,63,30,1
0.9,98,52,1
3.7,91,56,0
2.7,90,65,1
2.4,68,90,0
9.7,65,53,1
3.9,56,53,0
8.9,43,78,1
6.3,92,59,1
7.9,89,45,1
5.0,100,59,1
5.8,100,39,1
4.9,73,41,0
2.0,86,62,0
7.2,97,57,1
2.8,91,89,0
0.2,55,54,0
6.5,67,68,1
1.8,48,71,0
9.4,97,31,1
9.5,76,73,1
9.1,54,42,1
3.7,80,92,1
0.2,77,40,0
9.3,61,57,0
4.3,47,36,0
9.7,80,95,1
9.6,71,63,1
8.5,86,69,1
2.9,71,34,0
3.9,91,79,0
8.5,73,44,1
3.2,74,88,0
1.7,93,43,0
5.6,64,42,1
9.4,48,32,1
7.0,42,61,1
5.7,85,67,0
1.0,77,34,0
6.2,82,80,1
9.9,53,59,1
1.4,48,64,0
5.2,41,59,0
8.8,61,56,1
7.4,75,66,1
7.0,64,40,0
7.0,66,42,1
3.6,94,86,1
2.9,61,91,0
8.1,71,54,1
8.1,87,48,0
8.7,64,72,1
9.1,77,57,1
5.1,92,32,1
5.0,97,40,1
8.0,49,77,1
6.5,96,73,1
7.0,70,32,1
8.0,55,44,1
8.9,68,45,0
3.4,99,74,1
3.8,70,31,0
0.9,60,37,0
5.8,78,82,1
0.4,54,42,0
4.7,45,72,0
5.4,48,45,0
2.9,48,36,0
5.9,49,46,0
0.3,48,77,0
0.4,78,86,0
8.2,51,84,1
3.6,61,56,0
1.3,94,73,0
5.2,68,43,1
7.7,80,49,0
2.2,50,88,1
6.2,52,31,0
0.9,42,36,0
